Name,Location,Active,Start_Year,End_Year,Decades,Latitude,Longitude,GeoJSON_Point
Admiral Bar,"LENOX AVENUE AND 132ND STREET, NEW YORK, NY",OPEN in the 1930s and 1940s,1930,1940,"[""1930s"", ""1940s""]",40.8121723,-73.9421798,"{'type': 'Point', 'coordinates': [-73.94217979999996, 40.8121723]}"
Alice Austen House Museum,"2 Hylan Boulevard, Staten Island, NY",The Museum has been active from the 1980s through the present (The house was originally built in 1690),1980,2025,"[""1980s"", ""1990s"", ""2000s"", ""2010s"", ""2020s""]",40.6151351,-74.0630179,"{'type': 'Point', 'coordinates': [-74.06301789999999, 40.6151351]}"
Alternate U.,"69 West 14th Street, New York, NY",Active from 1966 through the 1970s,1966,1970,"[""1960s"", ""1970s""]",40.7374482,-73.9963264,"{'type': 'Point', 'coordinates': [-73.99632640000004, 40.7374482]}"
Apollo Bar,"126th street BETWEEN 7TH AVENUE AND FREDERICK DOUGLASS BOULEVARD, NEW YORK, NY",OPEN from the 1930s to the 1940s,1930,1940,"[""1930s"", ""1940s""]",40.8096094,-73.9477613,"{'type': 'Point', 'coordinates': [-73.94776130000002, 40.8096094]}"
Audobon Ballroom,"Amsterdam Avenue between 156th street and 157th street, New York, NY",Open from the 1930s to the 1940s,1930,1940,"[""1930s"", ""1940s""]",40.8322569,-73.9424875,"{'type': 'Point', 'coordinates': [-73.94248749999997, 40.8322569]}"
AVA at Clubhouse,"700 EAST 9TH STREET, NEW YORK, NY",Active in 2005,2005,,"[""2000s""]",40.7249539,-73.9777806,"{'type': 'Point', 'coordinates': [-73.97778060000002, 40.7249539]}"
Bad Habit at Lot 45,"411 TROUTMAN STREET, BROOKLYN, NY","Active from 2017 through the PRESENT (LOT 45 in 2019, PICTURED)",2017,2025,"[""2010s"", ""2020s""]",40.7070287,-73.9227095,"{'type': 'Point', 'coordinates': [-73.9227095, 40.7070287]}"
Bagatelle,"86 UNIVERSITY PLACE, NEW YORK, NY","OPEN from 1952 to 1959 (EL CANTINERO MEXICAN RESTAURANT in 2017, PICTURED)",1952,2017,"[""1950s"", ""1960s"", ""1970s"", ""1980s"", ""1990s"", ""2000s"", ""2010s""]",40.7336649,-73.9932798,"{'type': 'Point', 'coordinates': [-73.99327979999998, 40.7336649]}"
Battle Hymn and Holy Mountain at Flash Factory,"229 WEST 28TH STREET, NEW YORK, NY","HAS HOSTED BATTLE HYMN SINCE 2016 AND HOLY MOUNTAIN SINCE 2014 (THE FLASH FACTORY in 2017, PICTURED)",2016,2017,"[""2010s""]",40.7480778,-73.9948493,"{'type': 'Point', 'coordinates': [-73.9948493, 40.7480778]}"
Be Cute at Littlefield,"635 SACKETT STREET, BROOKLYN, NY","Active SINCE 2015 (LITTLEFIELD in 2018, PICTURED)",2015,2025,"[""2010s"", ""2020s""]",40.6785007,-73.9833014,"{'type': 'Point', 'coordinates': [-73.98330140000002, 40.6785007]}"
Beach Haven Bar,"901 FATHER CAPODANNO BOULEVARD, STATEN ISLAND, NY",Open from the 1970s to the 1980s,1970,1980,"[""1970s"", ""1980s""]",40.5746154,-74.0855282,"{'type': 'Point', 'coordinates': [-74.0855282, 40.5746154]}"
Bluestockings Bookstore,"172 Allen Street New York, NY",Open from 1999 to the present,1999,2025,"[""1990s"", ""2000s"", ""2010s"", ""2020s""]",40.7214027,-73.9889027,"{'type': 'Point', 'coordinates': [-73.9889027, 40.7214027]}"
Tongue at BOB Bar,"235 ELDRIDGE STREET, NEW YORK, NY","Dates unknown (BOB Bar in 2018, Pictured)",,,[],40.7224441,-73.9899847,"{'type': 'Point', 'coordinates': [-73.98998470000004, 40.7224441]}"
Bohemia,"15 Barrow street, new york, ny",open from the 1950s to the 1960s,1950,1960,"[""1950s"", ""1960s""]",40.7324814,-74.0024921,"{'type': 'Point', 'coordinates': [-74.00249209999998, 40.7324814]}"
Bon Soir,"40 West 8th Street, New York, NY",Active in the 1970s and 1980s,1970,1980,"[""1970s"", ""1980s""]",40.7329256,-73.9984186,"{'type': 'Point', 'coordinates': [-73.9984186, 40.73292560000001]}"
Bordello at Nowhere Bar,"322 EAST 14TH STREET, NEW YORK, NY",Active in 2006,2006,,"[""2000s""]",40.7317696,-73.9841161,"{'type': 'Point', 'coordinates': [-73.9841161, 40.7317696]}"
Bronx Academy of Arts and Dance (BAAD!),"841 BARRETTO STREET, BRONX, NY",Open from 1998 to 2013,1998,2013,"[""1990s"", ""2000s"", ""2010s""]",40.8168233,-73.8901183,"{'type': 'Point', 'coordinates': [-73.8901183, 40.8168233]}"
Brooklyn Women&rsquo;s Martial Arts,"421 5TH AVENUE BROOKLYN, NY",OPEN from 1974 to the early 2000s,1974,2000,"[""1970s"", ""1980s"", ""1990s"", ""2000s""]",40.6697634,-73.9854593,"{'type': 'Point', 'coordinates': [-73.9854593, 40.6697634]}"
Bum Bum Bar,"63-14 ROOSEVELT AVENUE, QUEENS, NY","OPEN from the EARLY 1990s to 2019 (BUM BUM BAR in 2017, PICTURED)",1990,2017,"[""1990s"", ""2000s"", ""2010s""]",40.7462717,-73.9010502,"{'type': 'Point', 'coordinates': [-73.90105019999999, 40.7462717]}"
Cafe des Beaux Arts Ladies Bar,"80 West 40th Street, New York, NY",Open from 1911 to 1921,1911,1921,"[""1910s"", ""1920s""]",40.7533193,-73.9848854,"{'type': 'Point', 'coordinates': [-73.9848854, 40.7533193]}"
Club Cassanova at Cake,"99 Avenue D, New York, NY",Active from 1995 to 1997,1995,1997,"[""1990s""]",40.7229599,-73.9769631,"{'type': 'Point', 'coordinates': [-73.97696309999998, 40.7229599]}"
Carlton Terrace,"Columbus Avenue between 104th street and 105th street, new york, ny",open from the 1930s to the 1940s,1930,1940,"[""1930s"", ""1940s""]",40.798564,-73.963361,"{'type': 'Point', 'coordinates': [-73.96336099999996, 40.79856400000001]}"
Casa Maria,"53 WEST 19TH STREET, NEW YORK, NY","OPEN from 1975 to 1977 (CVS in 2018, PICTURED)",1975,2018,"[""1970s"", ""1980s"", ""1990s"", ""2000s"", ""2010s""]",40.740266,-73.993626,"{'type': 'Point', 'coordinates': [-73.993626, 40.740266]}"
Cattyshack,"249 4TH AVENUE, BROOKLYN, NY","OPEN from 2005 to 2009 (MISSION DOLORES in 2017, PICTURED)",2005,2017,"[""2000s"", ""2010s""]",40.676179,-73.9834162,"{'type': 'Point', 'coordinates': [-73.98341619999997, 40.676179]}"
Cave Canem,"24 1st Avenue, New York, NY","Open from 1988 to 1993 (bhakti center in 2018, PICTURED)",1988,2018,"[""1980s"", ""1990s"", ""2000s"", ""2010s""]",40.7236446,-73.9879491,"{'type': 'Point', 'coordinates': [-73.98794909999998, 40.7236446]}"
Choice Cunts at Santos Party House,"85 Avenue A, New York, NY",Active from 2010 to 2012,2010,2012,"[""2010s""]",40.72525,-73.9844492,"{'type': 'Point', 'coordinates': [-73.98444919999997, 40.72525]}"
Chueca,"69-04 WOODSIDE AVENUE QUEENS, NY","OPEN from 2005 to 2009 (REGENT RESTAURANT EQUIPMENT in 2017, PICTURED)",2005,2017,"[""2000s"", ""2010s""]",40.7424316,-73.8954172,"{'type': 'Point', 'coordinates': [-73.8954172, 40.7424316]}"
Church of the Holy Apostles,"296 NINTH AVENUE, new york, ny",active from 1969 to 1974,1969,1974,"[""1960s"", ""1970s""]",40.7492675,-73.9987536,"{'type': 'Point', 'coordinates': [-73.99875360000001, 40.74926749999999]}"
Churchez La Femme,"108 West 43rd Street, New York, NY",Open in the 1970s,1970,,"[""1970s""]",40.7559722,-73.9847763,"{'type': 'Point', 'coordinates': [-73.98477630000002, 40.7559722]}"
Clam House,"133rd Street between Malcolm X Boulevard and Adam Clayton Powell Jr. Boulevard, NEW YORK, NY",OPEN from the 1910s to the 1930s,1910,1930,"[""1910s"", ""1920s"", ""1930s""]",40.8170659,-73.9519373,"{'type': 'Point', 'coordinates': [-73.9519373, 40.8170659]}"
Clit Club,"432 WEST 14TH STREET, NEW YORK, NY","OPEN from 1990 to 2002 (LUMAS in 2017, PICTURED)",1990,2002,"[""1990s"", ""2000s""]",40.7413722,-74.0070797,"{'type': 'Point', 'coordinates': [-74.00707969999996, 40.7413722]}"
220 Club,"220 Houston Street, New York, NY","Open in the 1970s (the brooklyneer in 2018, pictured)",1970,,"[""1970s""]",40.7287585,-74.004558,"{'type': 'Point', 'coordinates': [-74.00455800000003, 40.7287585]}"
Club 82,"82 East 4th Street, New York, NY","Open from 1953 to the Early 1970s (Stillwater in 2017, PICTURED)",1953,1970,"[""1950s"", ""1960s"", ""1970s""]",40.7263069,-73.9898306,"{'type': 'Point', 'coordinates': [-73.9898306, 40.7263069]}"
Club 181,"181 2nd Avenue, New York, NY",Open from 1948 to 1953,1948,1953,"[""1940s"", ""1950s""]",40.7309294,-73.986157,"{'type': 'Point', 'coordinates': [-73.98615699999999, 40.7309294]}"
Club Berlin,"1 West 125th Street, New York, NY",Open in 1995,1995,,"[""1990s""]",40.8067696,-73.9424573,"{'type': 'Point', 'coordinates': [-73.9424573, 40.8067696]}"
Clubhouse,"700 East 9th Street, New York, NY",Open from 2005 to 2007,2005,2007,"[""2000s""]",40.7250386,-73.9777917,"{'type': 'Point', 'coordinates': [-73.97779170000001, 40.7250386]}"
Cobbler,,Open in the late 1960s and early 1970s,1960,1970,"[""1960s"", ""1970s""]",40.7141805,-74.0155677,"{'type': 'Point', 'coordinates': [-74.01556769999999, 40.7141805]}"
Community United Methodist Church,"81-10 35TH AVENUE, QUEENS, NY",Open from 1923 to the Present,1923,,"[""1920s""]",40.7515739,-73.8850308,"{'type': 'Point', 'coordinates': [-73.8850308, 40.7515739]}"
Continental Baths at the Ansonia Hotel,"230 WEST 74TH STREET, New York, NY",Open from 1968 to 1976,1968,1976,"[""1960s"", ""1970s""]",40.7803152,-73.9821835,"{'type': 'Point', 'coordinates': [-73.98218349999999, 40.7803152]}"
Corduroy Club / Isaia NYC Fashion House,"240 WEST 38TH STREET, New York, NY",Active from 1967 to 1971 and from 1986 to 1989,1967,1989,"[""1960s"", ""1970s"", ""1980s""]",40.753972,-73.9902604,"{'type': 'Point', 'coordinates': [-73.9902604, 40.753972]}"
Cubby Hole,"438 HUDSON STREET, NEW YORK, NY","OPEN from 1983 to 1990 (HENRIETTA HUDSON in 2018, PICTURED)",1983,1990,"[""1980s"", ""1990s""]",40.7308145,-74.006532,"{'type': 'Point', 'coordinates': [-74.00653199999999, 40.7308145]}"
Cubbyhole,"281 WEST 12TH STREET, NEW YORK, NY","OPEN from 1994 to the PRESENT (CUBBYHOLE in 2017, PICTURED)",1994,2025,"[""1990s"", ""2000s"", ""2010s"", ""2020s""]",40.7376828,-74.0037775,"{'type': 'Point', 'coordinates': [-74.00377750000001, 40.73768279999999]}"
C U Next Tuesday at 3 Dollar Bill,C U Next Tuesday at 3 Dollar Bill,Active from 2019 to the present,2019,2025,"[""2010s"", ""2020s""]",40.7084647,-73.9371302,"{'type': 'Point', 'coordinates': [-73.93713020000001, 40.7084647]}"
Dapper and Friends,"350 East 81st STREET, NEW YORK, NY",OPEN from 1977 to 1982,1977,1982,"[""1970s"", ""1980s""]",40.7737326,-73.9524453,"{'type': 'Point', 'coordinates': [-73.9524453, 40.7737326]}"
DEBRA at The Breakers,"307 Meeker Ave, Brooklyn, NY","Active since 2018 (The Breakers in 2018, pictured)",2018,2018,"[""2010s""]",40.7175252,-73.9488702,"{'type': 'Point', 'coordinates': [-73.94887019999999, 40.7175252]}"
Discotheque,"17 West 19th Street, New York, NY",the early-to-mid 2000s,2000,,"[""2000s""]",40.7396687,-73.9924795,"{'type': 'Point', 'coordinates': [-73.9924795, 40.7396687]}"
DT&rsquo;s Fat Cat,"281 West 12th Street, New York, NY",Open from 1987 to 1993,1987,1993,"[""1980s"", ""1990s""]",40.737684,-74.0040136,"{'type': 'Point', 'coordinates': [-74.00401360000001, 40.737684]}"
Edelweiss,"11th Avenue near 43rd Street, New York, NY",,,,[],40.7615124,-73.9978323,"{'type': 'Point', 'coordinates': [-73.99783230000003, 40.7615124]}"
Eden,"432 Lafayette Street, New York, NY",,,,[],40.72926,-73.9923001,"{'type': 'Point', 'coordinates': [-73.99230009999997, 40.72926]}"
El Cafe,"116 Macdougal street, new york, ny","open in the 1970s (Insomnia cookies in 2018, pictured)",1970,2018,"[""1970s"", ""1980s"", ""1990s"", ""2000s"", ""2010s""]",40.7295889,-74.0006098,"{'type': 'Point', 'coordinates': [-74.0006098, 40.7295889]}"
Electric Circus,"19-25 St. Marks Place, New York, NY",Open from 1967 to 1971,1967,1971,"[""1960s"", ""1970s""]",40.729187,-73.988711,"{'type': 'Point', 'coordinates': [-73.98871099999997, 40.729187]}"
Escuelita,"301 WEST 39TH STREET, NEW YORK, NY","OPEN from 1965 to 1995, and from 1996 to 2015 (RAINBOW in 2017, PICTURED)",1965,2015,"[""1960s"", ""1970s"", ""1980s"", ""1990s"", ""2000s"", ""2010s""]",40.7556439,-73.9914487,"{'type': 'Point', 'coordinates': [-73.99144869999998, 40.7556439]}"
Fem 2 Fem at The Roxy,"515 West 18th Street, New York, NY","Active from 1979 to 2007 (Construction Site in 2018, pictured)",1979,2007,"[""1970s"", ""1980s"", ""1990s"", ""2000s""]",40.7451986,-74.0075711,"{'type': 'Point', 'coordinates': [-74.0075711, 40.74519859999999]}"
Foxy Lady,"232 Park Avenue, New York, NY",Open in the 1970s,1970,,"[""1970s""]",40.7549752,-73.9759037,"{'type': 'Point', 'coordinates': [-73.9759037, 40.7549752]}"
Gay Activists Alliance Firehouse,"99 WOOSTER STREET, New York, NY",Active from 1971 to 1974,1971,1974,"[""1970s""]",40.7246032,-74.0010737,"{'type': 'Point', 'coordinates': [-74.00107369999999, 40.7246032]}"
Gay Alliance of Brooklyn at Spencer Memorial Church,"99 CLINTON STREET, BROOKLYN, NY",Active from 1971 to 1973,1971,1973,"[""1970s""]",40.6932054,-73.9927133,"{'type': 'Point', 'coordinates': [-73.99271329999999, 40.6932054]}"
Gilded Grape,"719 8th Avenue, New York, NY",Open from 1974 to 1977,1974,1977,"[""1970s""]",40.759365,-73.9884735,"{'type': 'Point', 'coordinates': [-73.9884735, 40.759365]}"
Girl Bar at Boy Bar,"15 St. Marks Place, New York, NY",Active from the mid 1980s through 1989,1980,1989,"[""1980s""]",40.729263,-73.988884,"{'type': 'Point', 'coordinates': [-73.98888399999998, 40.729263]}"
Girl World at The World,"254 EAST 2ND STREET, NEW YORK, NY",Active IN THE MID 1980S UNTIL 1989,1980,1989,"[""1980s""]",40.7213066,-73.9811889,"{'type': 'Point', 'coordinates': [-73.98118889999999, 40.7213066]}"
Girlsroom,"210 Rivington Street, New York, NY",Open in 2005,2005,,"[""2000s""]",40.7184699,-73.9826586,"{'type': 'Point', 'coordinates': [-73.98265859999998, 40.7184699]}"
Grand,"275 Grand Avenue, Brooklyn, NY",,,,[],40.6882735,-73.9626422,"{'type': 'Point', 'coordinates': [-73.9626422, 40.6882735]}"
Grapevine,"158th Street and Broadway, New York, NY",Open in the 1950s and 1960s,1950,1960,"[""1950s"", ""1960s""]",40.8347179,-73.9445376,"{'type': 'Point', 'coordinates': [-73.94453759999999, 40.83471790000001]}"
Griot Circle,"25 Flatbush avenue, brooklyn, ny",Open from 1995 to the present,1995,2025,"[""1990s"", ""2000s"", ""2010s"", ""2020s""]",40.6879864,-73.9799972,"{'type': 'Point', 'coordinates': [-73.9799972, 40.6879864]}"
Gumby Book Studio,"2144 FIFTH AVENUE, new york, ny",open from 1926 to 1931,1926,1931,"[""1920s"", ""1930s""]",40.8105293,-73.9395527,"{'type': 'Point', 'coordinates': [-73.9395527, 40.8105293]}"
GUSH at H0l0,"1090 WYCKOFF AVENUE, RIDGEWOOD, NY","HAS HOSTED GUSH SINCE 2019 (H0I0 in 2019, PICTURE FORTHCOMING)",2019,2019,"[""2010s""]",40.6945516,-73.9023072,"{'type': 'Point', 'coordinates': [-73.9023072, 40.6945516]}"
Heaven,"579 6th Avenue, New York, NY",,,,[],40.7390084,-73.995973,"{'type': 'Point', 'coordinates': [-73.99597299999999, 40.7390084]}"
Henrietta Hudson,"438 HUDSON STREET, NEW YORK, NY","OPEN from 1991 to the PRESENT (HENRIETTA HUDSON in 2018, PICTURED)",1991,2025,"[""1990s"", ""2000s"", ""2010s"", ""2020s""]",40.731133,-74.0064631,"{'type': 'Point', 'coordinates': [-74.00646310000002, 40.731133]}"
Her Bar,"113 Jane Street, New York, NY","Dates unknown (The Jane Hotel in 2018, pictured)",,,[],40.7382367,-74.0093741,"{'type': 'Point', 'coordinates': [-74.0093741, 40.7382367]}"
Her/She Bar,"229 West 28th Street, New York, NY",Open in the early 2000s,2000,,"[""2000s""]",40.7479975,-73.9947104,"{'type': 'Point', 'coordinates': [-73.99471040000003, 40.7479975]}"
Hetrick-Martin Institute,"2 astor place, new york, ny",open from 1988 to the present,1988,2025,"[""1980s"", ""1990s"", ""2000s"", ""2010s"", ""2020s""]",40.7298791,-73.9925831,"{'type': 'Point', 'coordinates': [-73.99258309999999, 40.7298791]}"
Hey Queen! at Sugarland,"221 North 9th St., Brooklyn, NY","Active from 2010 to 2013 (luxury condos in 2018, pictured)",2010,2013,"[""2010s""]",40.7178512,-73.9543165,"{'type': 'Point', 'coordinates': [-73.9543165, 40.71785120000001]}"
Hilltop,"155th Street and Frederick Douglas Boulevard, New York, NY",Open from the 1960s to the 1980s,1960,1980,"[""1960s"", ""1970s"", ""1980s""]",40.8292272,-73.9372554,"{'type': 'Point', 'coordinates': [-73.93725540000003, 40.8292272]}"
Hot Rabbit at Boots and Saddle,"100A SEVENTH AVENUE SOUTH, NEW YORK, NY","HOSTED HOT RABBIT from 2016 to 2018 (BOOTS AND SADDLE in 2017, PICTURED)",2016,2018,"[""2010s""]",40.7329801,-74.0034275,"{'type': 'Point', 'coordinates': [-74.00342749999999, 40.7329801]}"
Hot Rabbit at Nowhere Bar,"322 EAST 14TH STREET, NEW YORK, NY","HOSTED HOT RABBIT FROM 2012 to 2014 (NOWHERE BAR in 2017, PICTURED)",2012,2014,"[""2010s""]",40.7316846,-73.9840819,"{'type': 'Point', 'coordinates': [-73.98408189999998, 40.7316846]}"
Hot Rabbit at The Monster,"80 GROVE STREET, NEW YORK, NY","HOSTED HOT RABBIT FROM 2014 to 2016 (monster in 2018, pictured)",2014,2016,"[""2010s""]",40.7333573,-74.0023353,"{'type': 'Point', 'coordinates': [-74.00233530000003, 40.7333573]}"
Howdy Club,"47 West 3rd Street, New York, NY",Open in the 1940s,1940,,"[""1940s""]",40.7284296,-73.9961064,"{'type': 'Point', 'coordinates': [-73.99610640000003, 40.7284296]}"
Ice Palace 57,"57 West 57th Street, new york, ny",open from 1977 to 1985,1977,1985,"[""1970s"", ""1980s""]",40.7643584,-73.9764935,"{'type': 'Point', 'coordinates': [-73.9764935, 40.7643584]}"
Indulgence at Casa La Femme,"150 Wooster Street, New York, NY","Active in 1993 (Vacant in 2018, pictured)",1993,,"[""1990s""]",40.7260022,-73.9992785,"{'type': 'Point', 'coordinates': [-73.9992785, 40.7260022]}"
Industria Girl Parties,"775 Washington Street, New York, NY","Active from 1994 to 1998 (Barbuto in 2018, pictured)",1994,1998,"[""1990s""]",40.7377374,-74.0078404,"{'type': 'Point', 'coordinates': [-74.00784039999996, 40.73773740000001]}"
Institute for the Protection of Lesbian and Gay Youth,"112 EAST 23RD STREET, New York, NY",Open from 1983 to 1988,1983,1988,"[""1980s""]",40.7396363,-73.9859225,"{'type': 'Point', 'coordinates': [-73.9859225, 40.7396363]}"
Judson Memorial Church,"55 WASHINGTON SQUARE SOUTH, New York, NY",Active from 1957 to the present,1957,2025,"[""1950s"", ""1960s"", ""1970s"", ""1980s"", ""1990s"", ""2000s"", ""2010s"", ""2020s""]",40.7302192,-73.9983832,"{'type': 'Point', 'coordinates': [-73.99838319999999, 40.7302192]}"
Judy Party! at Public Assembly,"70 North 6th St, Brooklyn, NY","Active in 2010 (Vacant in 2018, Pictured)",2010,,"[""2010s""]",40.7190357,-73.9616292,"{'type': 'Point', 'coordinates': [-73.9616292, 40.7190357]}"
Kitten Club,"277 Bleecker Street, New York, NY",Open in the 1970s,1970,,"[""1970s""]",40.7316603,-74.0031405,"{'type': 'Point', 'coordinates': [-74.00314049999997, 40.7316603]}"
Kitty Glitter at Liquids,"266 East 10th Street, New York, NY",Open from 1996 to 1997,1996,1997,"[""1990s""]",40.7282283,-73.9836687,"{'type': 'Point', 'coordinates': [-73.98366870000001, 40.7282283]}"
L Bar,"Broadway between West 145th Street and West 146th Street, New York, NY",Open from the 1930s to the 1940s,1930,1940,"[""1930s"", ""1940s""]",40.8271618,-73.9500607,"{'type': 'Point', 'coordinates': [-73.9500607, 40.8271618]}"
La Chatte,"232 Park Avenue, New York, NY",Open in the 1970s,1970,,"[""1970s""]",40.7548204,-73.9760219,"{'type': 'Point', 'coordinates': [-73.97602189999998, 40.7548204]}"
La Femme,"85 Washington Place, New York, NY",Open in the 1970s,1970,,"[""1970s""]",40.7322184,-74.0000245,"{'type': 'Point', 'coordinates': [-74.0000245, 40.7322184]}"
La Palma,"370 Myrtle Avenue, Brooklyn, NY","Open in 1973 (Jill Lindsey in 2018, Pictured)",1973,,"[""1970s""]",40.6930343,-73.9713636,"{'type': 'Point', 'coordinates': [-73.97136360000002, 40.6930343]}"
Ladylike at Better Days,"302 Broome Street, New York, NY","Active from 2018 to 2019 (Better Days in 2018, Pictured)",2018,2018,"[""2010s""]",40.7188981,-73.9922083,"{'type': 'Point', 'coordinates': [-73.99220830000002, 40.7188981]}"
La Papaya,"331 Flatbush Avenue, Brooklyn, NY",Open from 1980 to 1983,1980,1983,"[""1980s""]",40.6779186,-73.9726617,"{'type': 'Point', 'coordinates': [-73.9726617, 40.6779186]}"
Lesbian Herstory Archives,"484 14th Street, Brooklyn, NY",Active from 1992 to the present,1992,2025,"[""1990s"", ""2000s"", ""2010s"", ""2020s""]",40.6618589,-73.9803514,"{'type': 'Point', 'coordinates': [-73.9803514, 40.6618589]}"
Lesbo-A-Go-Go at The Stonewall Inn,"53 CHRISTOPHER STREET, NEW YORK, NY","Active from 1966 to 1969, REOPENED in 1990 (THE STONEWALL INN in 2018, PICTURED)",1966,1969,"['1960', '1990']",40.7338144,-74.0021628,"{'type': 'Point', 'coordinates': [-74.00216280000001, 40.7338144]}"
Liberation House,"247 WEST 11TH STREET, New York, NY",Active from 1972 to 1983,1972,1983,"[""1970s"", ""1980s""]",40.73644,-74.0031807,"{'type': 'Point', 'coordinates': [-74.0031807, 40.73644]}"
Bitch at Life,"158 Bleecker Street, New York, NY",Active in 1997,1997,,"[""1990s""]",40.7285017,-74.0000773,"{'type': 'Point', 'coordinates': [-74.0000773, 40.7285017]}"
Life Party,"Thompson Street in SoHo, NEW YORK, NY",OPEN in the 1990s,1990,,"[""1990s""]",40.7261224,-74.00161,"{'type': 'Point', 'coordinates': [-74.00161000000003, 40.7261224]}"
Little Red School House,"196 BLEECKER STREET, New York, NY",active from 1921 to the present,1921,2025,"[""1920s"", ""1930s"", ""1940s"", ""1950s"", ""1960s"", ""1970s"", ""1980s"", ""1990s"", ""2000s"", ""2010s"", ""2020s""]",40.7292403,-74.0017883,"{'type': 'Point', 'coordinates': [-74.0017883, 40.7292403]}"
Lover Girl,"28 East 23rd Street, New York, NY",,,,[],40.7405514,-73.9878008,"{'type': 'Point', 'coordinates': [-73.9878008, 40.74055140000001]}"
Mad Clams at The Hole,"29 2ND AVENUE, NEW YORK, NY","OPEN IN THE EARLY 2000s (CONDOS in 2017, PICTURED)",2000,,"[""2000s""]",40.7246948,-73.9908769,"{'type': 'Point', 'coordinates': [-73.99087689999999, 40.72469479999999]}"
Mad Hatter,"150 West 4th Street, new york, ny","open from 1916 to 1930 (washington square diner in 2018, pictured)",1916,1930,"[""1910s"", ""1920s"", ""1930s""]",40.7315763,-74.0004126,"{'type': 'Point', 'coordinates': [-74.0004126, 40.7315763]}"
Magic Night Tea Dances at Sanctuary,"41 West 8th Street, New York, NY","Open in 1988 (lomography in 2018, pictured)",1988,,"[""1980s""]",40.7332339,-73.9982685,"{'type': 'Point', 'coordinates': [-73.9982685, 40.73323389999999]}"
Mahogany,"132nd Street Between 7th Avenue and Lenox Avenue, New York, NY",Open in the 1930s and the 1940s,1930,1940,"[""1930s"", ""1940s""]",40.8121723,-73.9421798,"{'type': 'Point', 'coordinates': [-73.94217979999996, 40.8121723]}"
"Mary, Mary","Second avenue near 64th street, new york, ny",Open in the 1970s,1970,,"[""1970s""]",40.7637445,-73.9620558,"{'type': 'Point', 'coordinates': [-73.96205580000003, 40.7637445]}"
Mattachine Society and Daughters of Bilitis Offices,"1133 BROADWAY, New york, ny",active from 1959 to 1968,1959,1968,"[""1950s"", ""1960s""]",40.7437839,-73.9893618,"{'type': 'Point', 'coordinates': [-73.9893618, 40.7437839]}"
Mayfair Bar and Grill,"3 HYATT STREET, STATEN ISLAND, NY",Open from the 1950s to the 1980s,1950,1980,"[""1950s"", ""1960s"", ""1970s"", ""1980s""]",40.6422972,-74.0768244,"{'type': 'Point', 'coordinates': [-74.07682439999999, 40.6422972]}"
Meow Mix,"269 EAST HOUSTON STREET, NEW YORK, NY","OPEN from 1996 to 2004 (SUFFOLK ARMS in 2017, PICTURED)",1996,2004,"[""1990s"", ""2000s""]",40.7214946,-73.9846749,"{'type': 'Point', 'coordinates': [-73.98467490000002, 40.7214946]}"
Metropolitan,"559 LORIMER STREET, BROOKLYN, NY","HOSTED GIRL’S NIGHTS ON WEDNESDAYS FROM 2002 to 2015 (METROPOLITAN in 2018, PICTURED)",2002,2015,"[""2000s"", ""2010s""]",40.7136434,-73.9495064,"{'type': 'Point', 'coordinates': [-73.94950640000002, 40.7136434]}"
Metropolitan Community Church of New York,"446 WEST 36TH STREET, new york, ny",active from 1972 to 1994,1972,1994,"[""1970s"", ""1980s"", ""1990s""]",40.7553659,-73.997492,"{'type': 'Point', 'coordinates': [-73.997492, 40.7553659]}"
Metropolitan-Duane United Methodist Church,"201 WEST 13TH STREET, New York, NY","Active from 1971 to 1988, hosted Salsa Soul Sister Meetings from 1977 to 1988",1971,1988,"[""1970s"", ""1980s""]",40.7381373,-74.0003114,"{'type': 'Point', 'coordinates': [-74.0003114, 40.7381373]}"
Misster at The Woods,"48 S 4TH STREET, BROOKLYN, NY","Active from 2012 to the present (THE WOODS in 2018, PICTURED)",2012,2025,"[""2010s"", ""2020s""]",40.7128339,-73.9663587,"{'type': 'Point', 'coordinates': [-73.9663587, 40.7128339]}"
Mood Ring,"1260 Myrtle Ave, Brooklyn, NY",OPEN from 2017 to the present,2017,2025,"[""2010s"", ""2020s""]",40.6977725,-73.9269266,"{'type': 'Point', 'coordinates': [-73.9269266, 40.6977725]}"
Mother Courage,"342 West 11th Street, New York, NY","Open from 1972 to 1979 (Wallsé in 2018, pictured)",1972,1979,"[""1970s""]",40.7354183,-74.0082306,"{'type': 'Point', 'coordinates': [-74.00823059999999, 40.73541830000001]}"
Ms. Thang at Sweet Revenge,"348 Frankline Avenue, Brooklyn, NY",Active from 2010 to 2011,2010,2011,"[""2010s""]",40.6874639,-73.957175,"{'type': 'Point', 'coordinates': [-73.957175, 40.6874639]}"
Mt. Morris Park,"East side of Marcus Garvey Park between 122nd Street and 124th Street either on Madison Avenue or Park Avenue, New York, NY",Open from the 1930s to the 1940s,1930,1940,"[""1930s"", ""1940s""]",40.8050699,-73.9411584,"{'type': 'Point', 'coordinates': [-73.9411584, 40.8050699]}"
National Gay Task Force Headquarters,"80 FIFTH AVENUE, New York, NY",Active from 1973 to 1986,1973,1986,"[""1970s"", ""1980s""]",40.7360294,-73.9941595,"{'type': 'Point', 'coordinates': [-73.9941595, 40.7360294]}"
Network,"16th street and 6th avenue, new york, ny",open in the 1970s,1970,,"[""1970s""]",40.7386869,-73.9958737,"{'type': 'Point', 'coordinates': [-73.9958737, 40.7386869]}"
News Cafe,"Lenox Avenue between 145th Street and 146th Street, New York, NY",Open in the 1930s to the 1940s,1930,1940,"[""1930s"", ""1940s""]",40.8211358,-73.9358146,"{'type': 'Point', 'coordinates': [-73.93581460000001, 40.82113580000001]}"
No Bar,"THE STANDARD, 25 COOPER SQUARE, NEW YORK, NY",OPEN from 2019 to the PRESENT,2019,2025,"[""2010s"", ""2020s""]",40.7279371,-73.9907849,"{'type': 'Point', 'coordinates': [-73.9907849, 40.7279371]}"
No Day Like Sunday at Cafe Tabac,"232 East 9th Street, New York, NY",Open from 1993 to 1996,1993,1996,"[""1990s""]",40.7293349,-73.9881337,"{'type': 'Point', 'coordinates': [-73.98813369999999, 40.7293349]}"
Oddly Enough,"397 Tompkins Avenue, Brooklyn, NY",Open 2022 to present,2022,2025,"[""2020s""]",40.6838554,-73.9438622,"{'type': 'Point', 'coordinates': [-73.94386220000001, 40.6838554]}"
One Last Shag,"348 FRANKLIN AVENUE, NEW YORK, NY","OPEN from 2008 to 2016 (VACANT in 2017, PICTURED)",2008,2016,"[""2000s"", ""2010s""]",40.6872281,-73.9571333,"{'type': 'Point', 'coordinates': [-73.95713330000001, 40.6872281]}"
Orbit,"46 Bedford Street, New York, NY","Dates unknown (The Village Tavern in 2018, Pictured)",,,[],40.730584,-74.0041563,"{'type': 'Point', 'coordinates': [-74.00415629999998, 40.730584]}"
Oscar Wilde Memorial Bookshop,"15 Christopher Street, New York, NY",Open from 1973 to 2009,1973,2009,"[""1970s"", ""1980s"", ""1990s"", ""2000s""]",40.7340613,-74.0005639,"{'type': 'Point', 'coordinates': [-74.0005639, 40.7340613]}"
Page Three,"greenwich village, NEW YORK, NY",OPEN in the 1940s and 1950s,1940,1950,"[""1940s"", ""1950s""]",40.7335719,-74.0027418,"{'type': 'Point', 'coordinates': [-74.0027418, 40.7335719]}"
Paradise Garage,"84 KING STREET, NEW YORK, NY","OPEN from 1978 to 1987 (VERIZON COMMUNICATIONS in 2017, PICTURED)",1978,1987,"[""1970s"", ""1980s""]",40.7279381,-74.0064349,"{'type': 'Point', 'coordinates': [-74.00643489999999, 40.7279381]}"
PAT at Union Pool,"484 UNION AVE, BROOKLYN, NY 11211","Active since 2013 (UNION POOL in 2018, PICTURED)",2013,2025,"[""2010s"", ""2020s""]",40.7149669,-73.951481,"{'type': 'Point', 'coordinates': [-73.951481, 40.7149669]}"
Peachstreet,"408 east 64th street, New York, NY",Open in the late 1970s,1970,,"[""1970s""]",40.7623432,-73.959074,"{'type': 'Point', 'coordinates': [-73.959074, 40.7623432]}"
Peaches &amp; Cream,"1201 Lexington Avenue, New York, NY",Open in the 1970s,1970,,"[""1970s""]",40.776563,-73.9575551,"{'type': 'Point', 'coordinates': [-73.95755509999998, 40.776563]}"
Philippine Garden,"455 Second Avenue, New York, NY",Open in the 1980s and 1990s,1980,1990,"[""1980s"", ""1990s""]",40.7397133,-73.979793,"{'type': 'Point', 'coordinates': [-73.97979299999997, 40.7397133]}"
Phoenix Bar,"447 EAST 13TH STREET, NEW YORK, NY","OPEN from 1999 to the PRESENT (PHOENIX BAR in 2017, PICTURED)",1999,2025,"[""1990s"", ""2000s"", ""2010s"", ""2020s""]",40.7299146,-73.9810746,"{'type': 'Point', 'coordinates': [-73.9810746, 40.7299146]}"
The Pillow Cafe Lounge,"505 Myrtle Avenue, Brooklyn, NY","Open from 2004 to 2007 and re-opened in 2007 until 2017 (Petee\'s Pie Company in 2018, Pictured)",2004,2017,"[""2000s"", ""2010s""]",40.6937785,-73.9647061,"{'type': 'Point', 'coordinates': [-73.9647061, 40.6937785]}"
Pink Pony,"176 Ludlow Street, New York, NY","Open 1993-2013, Riot Grrrl meetings took place here in the mid to late \'90s",1993,2013,"[""1990s"", ""2000s"", ""2010s""]",40.7216825,-73.9873972,"{'type': 'Point', 'coordinates': [-73.9873972, 40.7216825]}"
Portofino Restaurant,"206 THOMPSON STREET, NEW YORK, NY","OPEN in the EARLY 1960s (THE MALT HOUSE in 2018, PICTURED)",1960,,"[""1960s""]",40.7285958,-73.9993244,"{'type': 'Point', 'coordinates': [-73.99932439999998, 40.72859580000001]}"
pride center of staten island,"25 Victory Blvd, Staten Island, NY",,,,[],40.6379743,-74.0763216,"{'type': 'Point', 'coordinates': [-74.0763216, 40.6379743]}"
Private Eyes at Sleaze Bar,"12 West 21st Street, New York, NY",Active in 1987,1987,,"[""1980s""]",40.7404649,-73.9916803,"{'type': 'Point', 'coordinates': [-73.99168029999998, 40.7404649]}"
Provincetown Landing,"THE CORNER OF BLEECKER STREET AND THOMPSON STREET, NEW YORK, NY","OPEN from the 1940s to the 1950s (BLEECKER STREET AND THOMPSON STREET in 2017, PICTURED)",1940,1950,"[""1940s"", ""1950s""]",40.7284387,-73.9996714,"{'type': 'Point', 'coordinates': [-73.99967140000001, 40.7284387]}"
Purgatory,"675 Central Avenue, Brooklyn, NY",OPEN since 2019,2019,,"[""2010s""]",40.6872368,-73.9057271,"{'type': 'Point', 'coordinates': [-73.9057271, 40.6872368]}"
Puta Scandalosa at Mother,"432 West 14th Street, New York, NY","Open in the 1990s (Lumas in 2018, pictured)",1990,,"[""1990s""]",40.741321,-74.0069605,"{'type': 'Point', 'coordinates': [-74.00696049999999, 40.741321]}"
Pyramid Club,"101 AVENUE A #1, NEW YORK, NY",OPEN from 1979 to the Present,1979,,"[""1970s""]",40.7258024,-73.9839225,"{'type': 'Point', 'coordinates': [-73.9839225, 40.7258024]}"
Q Lounge,"220 West 19th Street, New York, NY","Open in 2003 (Crunch Gym in 2018, pictured)",2003,,"[""2000s""]",40.7418919,-73.998475,"{'type': 'Point', 'coordinates': [-73.99847499999998, 40.7418919]}"
Q Train at Sycamore,"1118 Cortelyou Road, Brooklyn, NY",Active from 2017 to the present,2017,2025,"[""2010s"", ""2020s""]",40.6397169,-73.9671558,"{'type': 'Point', 'coordinates': [-73.9671558, 40.6397169]}"
Renaissance,"7th Avenue between 136th Street and 137th Street, New York, NY",Open from the 1930s to the 1940s,1930,1940,"[""1930s"", ""1940s""]",40.8180951,-73.9462925,"{'type': 'Point', 'coordinates': [-73.94629250000003, 40.8180951]}"
Rhythms,"1513 New Utrecht Avenue, Brooklyn, NY",Open in the 1970s through the mid 1980s,1970,1980,"[""1970s"", ""1980s""]",40.617499,-73.9994877,"{'type': 'Point', 'coordinates': [-73.9994877, 40.617499]}"
Riverside Church,"490 RIVERSIDE DRIVE, new york, ny",active from 1930 to the present,1930,2025,"[""1930s"", ""1940s"", ""1950s"", ""1960s"", ""1970s"", ""1980s"", ""1990s"", ""2000s"", ""2010s"", ""2020s""]",40.8118356,-73.9630243,"{'type': 'Point', 'coordinates': [-73.9630243, 40.81183559999999]}"
Rubyfruit,"531 HUDSON STREET, NEW YORK, NY","OPEN from 1994 to 2008 (SWINE RESTAURANT in 2017, PICTURED)",1994,2008,"[""1990s"", ""2000s""]",40.7342444,-74.0064861,"{'type': 'Point', 'coordinates': [-74.00648610000002, 40.7342444]}"
SAGE Center Midtown,"305 7th Ave 15th floor, New York, NY",Dates unknown,,,[],40.7466546,-73.9933453,"{'type': 'Point', 'coordinates': [-73.9933453, 40.7466546]}"
SAGE Center Harlem,"220 West 143rd Street, New York, NY",Dates unknown,,,[],40.8206553,-73.941213,"{'type': 'Point', 'coordinates': [-73.94121299999999, 40.8206553]}"
Washington Square United Methodist Church &amp; Parish House,"133 West 4th Street, NEW YORK, NY",Hosted Salsa Soul Sister meetings from 1976 through 1987,1976,1987,"[""1970s"", ""1980s""]",40.7313527,-73.9999097,"{'type': 'Point', 'coordinates': [-73.9999097, 40.7313527]}"
Sanctuary Lounge,"444 7th Avenue, Brooklyn, NY",,,,[],40.663293,-73.9848739,"{'type': 'Point', 'coordinates': [-73.9848739, 40.663293]}"
Savage,"208 West 23rd Street, New York, NY","Open in 1988 (Gotham in 2018, pictured)",1988,,"[""1980s""]",40.7440535,-73.9964321,"{'type': 'Point', 'coordinates': [-73.99643209999999, 40.7440535]}"
Schomburg Center for Research in Black Culture,"515 MALCOLM X BOULEVARD, New York, NY",Open from 1980 to the present,1980,,"[""1980s""]",40.8146271,-73.9409189,"{'type': 'Point', 'coordinates': [-73.9409189, 40.8146271]}"
Scissor Sunday at The Rusty Knot,"425 WEST STREET, NEW YORK, NY 10014","HOSTED SCISSOR SUNDAY from 2012 to 2016 (RUSTY KNOT, PICTURED)",2012,2016,"[""2010s""]",40.7351676,-74.0097634,"{'type': 'Point', 'coordinates': [-74.0097634, 40.7351676]}"
Serena,"222 West 23rd Street, New York, NY","Dates Unknown (Construction Site in 2018, pictured)",2018,,"[""2010s""]",40.7443276,-73.9968682,"{'type': 'Point', 'coordinates': [-73.9968682, 40.7443276]}"
She-Bang at 40 Below,"40 West 8th Street, New York, NY","Dates Unknown (Positively 8th street at the village alliance and curry kitchen in 2018, pictured)",2018,,"[""2010s""]",40.7330079,-73.9984039,"{'type': 'Point', 'coordinates': [-73.99840389999997, 40.7330079]}"
Shescape,"Lexington Avenue on the Upper East Side , NEW YORK, NY",OPEN in the late 1980s,1980,,"[""1980s""]",40.7736478,-73.959857,"{'type': 'Point', 'coordinates': [-73.959857, 40.7736478]}"
Showstopper at BLVD,"199 Bowery, New York, NY","Open from 2007 to 2009 (Condos in 2018, Pictured)",2007,2009,"[""2000s""]",40.7210706,-73.9933815,"{'type': 'Point', 'coordinates': [-73.9933815, 40.7210706]}"
Silhouette,"53 WEST 19TH STREET, NEW YORK, NY","OPEN from 1977 to 1980 (CVS in 2018, PICTURED)",1977,1980,"[""1970s"", ""1980s""]",40.7400832,-73.9934758,"{'type': 'Point', 'coordinates': [-73.9934758, 40.7400832]}"
Skin-Tight at Tribal Lounge,"22 7th Avenue South, New York, NY","Open in the 1990s (Vacant in 2018, pictured)",1990,,"[""1990s""]",40.730118,-74.005045,"{'type': 'Point', 'coordinates': [-74.005045, 40.730118]}"
Snapshot at Bar 13,"35 E 13th St, New York, NY",Active from 2004 to 2014,2004,2014,"[""2000s"", ""2010s""]",40.7345138,-73.9919595,"{'type': 'Point', 'coordinates': [-73.99195950000001, 40.73451379999999]}"
SoHo Groove at Sticky!,"386 West Broadway, New York, NY",Open in the 1990s,1990,,"[""1990s""]",40.724035,-74.0026987,"{'type': 'Point', 'coordinates': [-74.0026987, 40.724035]}"
St. Andrew&rsquo;s Episcopal Church,"46-09 31ST AVENUE, QUEENS, NY",open from 1978 to the present,1978,,"[""1970s""]",40.7590079,-73.9115029,"{'type': 'Point', 'coordinates': [-73.9115029, 40.7590079]}"
Stag Lounge,"31 Union Square West, New York, NY",Open in the 1990s,1990,,"[""1990s""]",40.7368125,-73.9911064,"{'type': 'Point', 'coordinates': [-73.99110639999998, 40.7368125]}"
Stardust,Mid 70s on the Upper West Side,Open in the late 1960s and early 1970s,1960,1970,"[""1960s"", ""1970s""]",40.7803414,-73.9796591,"{'type': 'Point', 'coordinates': [-73.97965909999999, 40.7803414]}"
Starlette Sunday at Starlight,"167 AVENUE A, NEW YORK, NY",Open from 1998 to 2008,1998,2008,"[""1990s"", ""2000s""]",40.7282589,-73.9821955,"{'type': 'Point', 'coordinates': [-73.98219549999999, 40.7282589]}"
Starlight,"167 AVENUE A, NEW YORK, NY","OPEN from 1998 to 2008 (VACANT in 2017, PICTURED)",1998,2008,"[""1990s"", ""2000s""]",40.7284765,-73.9821535,"{'type': 'Point', 'coordinates': [-73.98215349999998, 40.7284765]}"
Starlite Lounge,"1084 BERGEN STREET, BROOKLYN, NY","OPEN from the 1970s to 2010 (USAGE UNKNOWN in 2018, PICTURED)",1970,2010,"[""1970s"", ""1980s"", ""1990s"", ""2000s"", ""2010s""]",40.6758805,-73.9501858,"{'type': 'Point', 'coordinates': [-73.95018579999999, 40.6758805]}"
Stiletto at the Maritime Hotel,"363 WEST 16TH STREET, NEW YORK, NY","Active FROM 2008 to 2015 (THE MARITIME HOTEL in 2017, PICTURED)",2008,2015,"[""2000s"", ""2010s""]",40.7424404,-74.0039825,"{'type': 'Point', 'coordinates': [-74.0039825, 40.7424404]}"
Stiletto at the Park,"118 10TH AVENUE, NEW YORK, NY","Active from 2016 to 2017 (THE PARK in 2018, PICTURED)",2016,2017,"[""2010s""]",40.7441564,-74.0062795,"{'type': 'Point', 'coordinates': [-74.0062795, 40.7441564]}"
Stonewall House,"112 St Edwards St, Brooklyn, NY",Open from 2019 to the present,2019,2025,"[""2010s"", ""2020s""]",40.6938037,-73.9779454,"{'type': 'Point', 'coordinates': [-73.9779454, 40.6938037]}"
"Student Homophile League at Earl Hall, Columbia University","116TH STREET and BROADWAY, New York, NY",Active from 1966 to 1971,1966,1971,"[""1960s"", ""1970s""]",40.8079878,-73.9638163,"{'type': 'Point', 'coordinates': [-73.96381629999999, 40.8079878]}"
"Submit, Spam and Throb at El Mirage","253 East Houston, NEW YORK, NY",Submit first opened at El Mirage in 2000 and is now hosted in Brooklyn. Spam started in 2002 and ran through 2017. Throb ran from 1996 through 2000.,2000,2025,"[""2000s"", ""2010s"", ""2020s""]",40.7215565,-73.9853227,"{'type': 'Point', 'coordinates': [-73.98532269999998, 40.72155650000001]}"
Sweet Sensations II,"6322 20th avenue, brooklyn, ny",open in 1983,1983,,"[""1980s""]",40.6174265,-73.9853215,"{'type': 'Point', 'coordinates': [-73.9853215, 40.6174265]}"
Swing Rendezvous,"117 MACDOUGAL STREET, NEW YORK, NY","OPEN from 1938 to 1965 (OLIVE TREE CAFE AND BAR AND THE COMEDY CELLAR in 2017, PICTURED)",1938,1965,"[""1930s"", ""1940s"", ""1950s"", ""1960s""]",40.7302002,-74.0005639,"{'type': 'Point', 'coordinates': [-74.00056389999997, 40.73020020000001]}"
That&rsquo;s My Jam at The Bell House,"149 7th St, Brooklyn, NY 11215",Active in 2010,2010,,"[""2010s""]",40.6737185,-73.9916803,"{'type': 'Point', 'coordinates': [-73.99168029999998, 40.6737185]}"
The Bush,"333 Troutman Street, Brooklyn, NY",Open from 2023 to the present,2023,2025,"[""2020s""]",40.7050351,-73.9247189,"{'type': 'Point', 'coordinates': [-73.9247189, 40.7050351]}"
The Center,"208 West 13th Street, New York, NY",Open from 1983 to the present,1983,2025,"[""1980s"", ""1990s"", ""2000s"", ""2010s"", ""2020s""]",40.738087,-74.001046,"{'type': 'Point', 'coordinates': [-74.001046, 40.738087]}"
Checkerboard,"Christopher Street between 7th Avenue and Bleecker Street, New York, NY",Open from the 1960s to the 1970s,1960,1970,"[""1960s"", ""1970s""]",40.7333971,-74.0042429,"{'type': 'Point', 'coordinates': [-74.00424290000001, 40.7333971]}"
Crane Club,"408 Amsterdam Avenue, New York, NY",Open in 1998,1998,,"[""1990s""]",40.7836266,-73.9783342,"{'type': 'Point', 'coordinates': [-73.9783342, 40.7836266]}"
Dalloway,"527 BROOME STREET, NEW YORK, NY","OPEN from 2012 to 2013 (CHALK POINT KITCHEN in 2017, PICTURED)",2012,2013,"[""2010s""]",40.7237186,-74.0041448,"{'type': 'Point', 'coordinates': [-74.0041448, 40.7237186]}"
Duchess,"70 GROVE STREET, NEW YORK, NY","OPEN from 1972 to 1982 (VACANT in 2017, PICTURED)",1972,1982,"[""1970s"", ""1980s""]",40.7331487,-74.0028038,"{'type': 'Point', 'coordinates': [-74.00280379999998, 40.7331487]}"
Flower Pot,"Corner of Gay Street and Christopher Street, New York, NY","Open in the 1920s (Corner of Gay Street and Christopher Street in 2018, pictured)",1920,,"[""1920s""]",40.7339522,-74.0003863,"{'type': 'Point', 'coordinates': [-74.0003863, 40.7339522]}"
Goddess,"24 East 22nd Street, New York, NY",Open in the 1970s,1970,,"[""1970s""]",40.7398961,-73.9883517,"{'type': 'Point', 'coordinates': [-73.98835170000001, 40.7398961]}"
Greenwich Village Ball,"119 east 11th street, new york, ny",open in 1931,1931,,"[""1930s""]",40.731642,-73.9889471,"{'type': 'Point', 'coordinates': [-73.98894710000002, 40.731642]}"
Grove,"70 GROVE STREET, NEW YORK, NY","OPEN from 1972 and the early 1990s (condos in 2017, PICTURED)",1972,1990,"[""1970s"", ""1980s"", ""1990s""]",40.7331548,-74.002814,"{'type': 'Point', 'coordinates': [-74.002814, 40.7331548]}"
Leslie-Lohman Museum of Art,"26 Wooster Street, New york, NY",Open from 1969 to the Present,1969,2025,"[""1960s"", ""1970s"", ""1980s"", ""1990s"", ""2000s"", ""2010s"", ""2020s""]",40.7216458,-74.0030063,"{'type': 'Point', 'coordinates': [-74.0030063, 40.7216458]}"
Lib,"305 east 45th street, new york, ny",Active in the 1970s,1970,,"[""1970s""]",40.7516071,-73.9701396,"{'type': 'Point', 'coordinates': [-73.97013959999998, 40.7516071]}"
"Mind, Body, Spirit at The Limelight","660 6TH AVENUE, NEW YORK, NY","OPEN from 1983 to 2007 (LIMELIGHT MARKETPLACE in 2017, PICTURED)",1983,2007,"[""1980s"", ""1990s"", ""2000s""]",40.7412345,-73.9936437,"{'type': 'Point', 'coordinates': [-73.9936437, 40.7412345]}"
The Love Cage,"3rd street near 6th avenue, new york, ny","open from 1969 to 1970 (3rd street near 6th avenue in 2018, pictured)",1969,1970,"[""1960s"", ""1970s""]",40.7310719,-74.0014265,"{'type': 'Point', 'coordinates': [-74.00142649999998, 40.7310719]}"
Madison Mansion,"29 East 32nd Street, New York, NY",,,,[],40.746466,-73.983289,"{'type': 'Point', 'coordinates': [-73.98328900000001, 40.746466]}"
Moroccan Village,"23 West 8th Street, New York, NY","(Rasa in 2018, Pictured)",2018,,"[""2010s""]",40.7330097,-73.9975126,"{'type': 'Point', 'coordinates': [-73.9975126, 40.7330097]}"
Music Box,"121 WEST 3RD STREET, NEW YORK, NY","OPEN from 1950 to 1972 (POKE in 2018, PICTURED)",1950,1972,"[""1950s"", ""1960s"", ""1970s""]",40.7307163,-74.0003229,"{'type': 'Point', 'coordinates': [-74.00032290000001, 40.7307163]}"
Octagon,"555 West 33rd Street, New York, NY",Open in 1991,1991,,"[""1990s""]",40.7551642,-74.0018196,"{'type': 'Point', 'coordinates': [-74.00181959999998, 40.7551642]}"
Pony Stable Inn,"150 WEST 4TH STREET, NEW YORK, NY","OPEN from the 1940’s to the 1960’s (WASHINGTON SQUARE DINER in 2018, PICTURED)",1940,1960,"[""1940s"", ""1950s"", ""1960s""]",40.731432,-74.0006679,"{'type': 'Point', 'coordinates': [-74.0006679, 40.731432]}"
The Rosemont,"63 Montrose Ave, Brooklyn, NY",Open from 2016 to the present,2016,2025,"[""2010s"", ""2020s""]",40.7071395,-73.9474418,"{'type': 'Point', 'coordinates': [-73.9474418, 40.7071395]}"
Sahara,"1234 SECOND AVENUE, NEW YORK, NY","OPEN from 1976 to 1979 (CONDOS in 2018, PICTURED)",1976,1979,"[""1970s""]",40.7641257,-73.9617869,"{'type': 'Point', 'coordinates': [-73.96178689999999, 40.7641257]}"
Saint Nightclub,"432 LAFAYETTE STREET, NEW YORK, NY","OPEN from 1980 to 1988 (CONDOS in 2017, PICTURED)",1980,1988,"[""1980s""]",40.7294274,-73.9923919,"{'type': 'Point', 'coordinates': [-73.99239190000003, 40.7294274]}"
Sea Colony,"52 WEST 8TH AVENUE, NEW YORK, NY","OPEN from 1950 to the 1960s (ART BAR in 2018, PICTURED)",1950,1960,"[""1950s"", ""1960s""]",40.7384402,-74.0034447,"{'type': 'Point', 'coordinates': [-74.00344469999999, 40.7384402]}"
Underground,"860 Broadway, New York, NY",Open from 1980 to 1989,1980,1989,"[""1980s""]",40.7371159,-73.9898439,"{'type': 'Point', 'coordinates': [-73.98984389999998, 40.7371159]}"
The World,"254 East 2nd Street, New York, NY",Open in the mid 1980s until 1991,1980,1991,"[""1980s"", ""1990s""]",40.7213713,-73.9813759,"{'type': 'Point', 'coordinates': [-73.9813759, 40.7213713]}"
Three,"314 EAST 72ND STREET, NEW YORK, NY",OPEN in the EARLY 1970s,1970,,"[""1970s""]",40.7683589,-73.9578292,"{'type': 'Point', 'coordinates': [-73.95782919999999, 40.7683589]}"
Truckstop at Pacha,"618 West 46th St, New York, NY",Active from 2010 to 2011,2010,2011,"[""2010s""]",40.763589,-73.9976063,"{'type': 'Point', 'coordinates': [-73.99760630000003, 40.763589]}"
Truckstop at Slate,"54 West 21st Street, New York, NY",Active from 2010 to 2012,2010,2012,"[""2010s""]",40.7411817,-73.9931954,"{'type': 'Point', 'coordinates': [-73.99319539999999, 40.74118170000001]}"
Viscaya,"191 7th Avenue, New York, NY","Open from 2003 to 2005 (Scopa and Condos in 2018, pictured)",2003,2018,"[""2000s"", ""2010s""]",40.7429014,-73.9962025,"{'type': 'Point', 'coordinates': [-73.99620249999998, 40.7429014]}"
W.O.W. Cafe Theater,"59-61 east 4th street, New York, NY","Open from 1980 to the Present (W.O.W. Cafe Theater in 2018, Pictured)",1980,2005,"[""1980s"", ""1990s"", ""2000s""]",40.7270219,-73.9908285,"{'type': 'Point', 'coordinates': [-73.99082850000002, 40.7270219]}"
Webster Hall and Annex,"125-129 EAST 11TH STREET, New York, NY",Active in the early 1900s,1900,,"[""1900s""]",40.7317691,-73.9891139,"{'type': 'Point', 'coordinates': [-73.98911389999999, 40.7317691]}"
Wellsworth,"2120 Seventh Avenue, NEW YORK, NY",OPEN 1930s-1950s,1930,1950,"[""1930s"", ""1940s"", ""1950s""]",40.809819,-73.9481661,"{'type': 'Point', 'coordinates': [-73.94816609999998, 40.809819]}"
Westbeth: Congregation Beit Simchat Torah,"57 BETHUNE STREET, New York, NY",Active 1975-2016,1975,2016,"[""1970s"", ""1980s"", ""1990s"", ""2000s"", ""2010s""]",40.7369462,-74.0087031,"{'type': 'Point', 'coordinates': [-74.0087031, 40.7369462]}"
Womanbooks,"201 West 92nd Street, New York, NY",Active from 1975 until 1987,1975,1987,"[""1970s"", ""1980s""]",40.7917966,-73.9725548,"{'type': 'Point', 'coordinates': [-73.9725548, 40.7917966]}"
Women&rsquo;s Liberation Center,"243 WEST 20TH STREET, New York, NY",Open from 1972 to 1987,1972,1987,"[""1970s"", ""1980s""]",40.7431504,-73.9987338,"{'type': 'Point', 'coordinates': [-73.9987338, 40.7431504]}"
Wonderbar,"505 East 6th street, New york, ny",open from 1995 to 2002,1995,2002,"[""1990s"", ""2000s""]",40.7253705,-73.9833932,"{'type': 'Point', 'coordinates': [-73.98339320000002, 40.7253705]}"
YuMMY at Cafe Melville,"110 Barrow Street, New york, ny","Open in the 1990s (Creative Edge Parties in 2018, pictured)",1990,,"[""1990s""]",40.732037,-74.008558,"{'type': 'Point', 'coordinates': [-74.008558, 40.732037]}"
Zamezie Bar,"132nd Street between Frederick Douglass Boulevard and 7th Avenue, New York, NY",Open in the 1930s to the 1940s,1930,1940,"[""1930s"", ""1940s""]",40.814713,-73.948269,"{'type': 'Point', 'coordinates': [-73.94826899999998, 40.814713]}"
Zodiac Club,"2nd Avenue between 126th street and 127th street, new york, ny",open from the 1930s to the 1940s,1930,1940,"[""1930s"", ""1940s""]",40.804081,-73.9326758,"{'type': 'Point', 'coordinates': [-73.93267579999997, 40.804081]}"
